-0.9999815407379588,0.0036908381112110977,0.000020339439749077924
-0.9932312644981743,-0.1160494734860142,0.00002048601969182733
-0.972195906833636,-0.23412071277682325,0.000020633993584388454
-0.937178001602841,-0.3488247213719347,0.000020783377927561632
-0.8886812012294599,-0.45851178272207277,0.000020934189405734562
-0.827403009661655,-0.5616043321446458,0.00002108644480884483
-0.7542247563461036,-0.6566196479354108,0.00002124016135228417
-0.6701989237193346,-0.7421911800223618,0.000021395356476601948
-0.5765340096428891,-0.8170882069336616,0.000021552047681237437
-0.47457714333784373,-0.8802335303551567,0.00002171025289669755
-0.3657947117532107,-0.9307189673904588,0.000021869990349785757
-0.2517512703787224,-0.9678184173142855,0.000022031278436957304
-0.13408703955315232,-0.9909983058390753,0.000022194135782929017
-0.014494314628392402,-0.9999252524425072,0.000022358581296497233
0.10530687204597755,-0.9944708660867075,0.000022524634158487712
0.22359349098128228,-0.9747135967293851,0.000022692313826308096
0.33866429836085227,-0.9409376063112885,0.000022861640038654204
0.4488643004081713,-0.8936286764256347,0.000023032632820163044
0.5526085558830569,-0.8334672234833908,0.000023205312486289698
0.6484049753491559,-0.7613185162469572,0.000023379699650021042
0.7348757810432551,-0.6782202291771506,0.000023555815263957357
0.8107773172167,-0.5853675155063691,0.00002373368057300181
0.8750179380396716,-0.48409582005188057,0.000023913317120116668
0.9266737133888028,-0.3758616734201583,0.00002409474676512316
0.9650017151015574,-0.2622217416820497,0.000024277991690191992
0.9894506966429131,-0.14481043816574712,0.000024463074405314022
0.9996690238005395,-0.02531641779970195,0.000024650017754008722
0.9955097371261573,0.09454171145940685,0.0000248388449189834
0.9770326617888624,0.2130401066066891,0.000025029579426700058
0.9445035432733888,0.3284744798552358,0.000025222245126595285
0.8983902283690827,0.43918461083544813,0.000025416866235650513
0.8393559398665851,0.5435782283971259,0.00002561346734323643
0.7682497337397286,0.6401539089408056,0.000025812073408056184
0.6860942861486474,0.7275226667972954,0.000026012709764686746
0.5940711875281935,0.8044279334155418,0.000026215402130052604
0.4935039494475628,0.869763634572819,0.000026420176610280055
0.3858389667295098,0.9225900935122586,0.000026627059707440487
0.2726247154707018,0.9621475425483335,0.00002683607832470976
0.15548948342889715,0.987867053968596,0.000027047259741631165
0.03611794987826468,0.9993787266790723,0.000027260631668175526
-0.08377304384664085,0.9965170001052391,0.000027476222249501086
-0.20245918471562432,0.9793230336405924,0.000027694060062649498
-0.31823348867064566,0.9480441187230045,0.00002791417412431089
-0.42943085409273507,0.9031301244858012,0.00002813659389868331
-0.5344520063749485,0.8452270219746042,0.00002836134930549446
-0.63178649732133,0.7751675935574471,0.000028588470728193568
-0.7200344320672695,0.6939594587701238,0.000028817989021766725
-0.7979266059224621,0.6027705824819397,0.000029049935506304556
-0.8643427524592139,0.5029124735713204,0.000029284341982572207
-0.9183276545764105,0.3958213235357262,0.000029521240750093595
-0.9591048873551856,0.2830373519662558,0.00002976066461472421
-0.986087986667076,0.1661826531186149,0.00003000264689788014
-0.9988888769834148,0.0469378665691237,0.000030247221445944146
-0.9973234531971754,-0.07298199289302543,0.00003049442263991155
-0.981414233333494,-0.19185220244964854,0.00003074428540521636
-0.9513900346036023,-0.3079631385200408,0.000030996845221755934
-0.9076826766819854,-0.4196448616545786,0.000031252138134156
-0.8509207726691459,-0.5252911334796975,0.00003151020076223101
-0.7819206918716561,-0.6233825217939609,0.0000317710703116469
-0.7016748169208935,-0.7125082541238252,0.000032034784584841945
-0.6113372678674123,-0.7913865023158746,0.00003230138199226127
-0.5122073051655626,-0.858882818874029,0.00003257090156116399
-0.4057106447117201,-0.9140264580602017,0.00003284338292935377
-0.29337895087745786,-0.9560243360741323,0.000033118866370832494
-0.17682780770888296,-0.9842724315355719,0.00003339739281319275
-0.05773348439940447,-0.9983644747338141,0.000033679003849985015
0.06219117465913681,-0.9980977958791716,0.000033963741753345696
0.18122138513107006,-0.9834762367579042,0.00003425164948685615
0.297645226378651,-0.9547100909891497,0.00003454277071870086
0.4097882629160543,-0.9122130823091812,0.00003483714983513766
0.5160376302958769,-0.8565964179981003,0.000035134831954232156
0.6148652300018491,-0.788659994486826,0.000035435862939879325
0.7048497029824996,-0.7093808909314249,0.00003574028941616872
0.7846968738656461,-0.6198993191657243,0.00003604815878207426
0.8532583689589004,-0.5215022261550647,0.00003635951922637043
0.9095481281478836,-0.4156047820357033,0.00003667441973649218
0.9527565829185263,-0.3037300270867659,0.000036992910097206365
0.9822623030423333,-0.1874869683100154,0.000037315040923631194
0.9976409385691526,-0.06854743701869326,0.000037640863682400845
0.9986713170681668,0.05137795599509419,0.00003797043070831879
0.9853386222409608,0.17056442096343394,0.00003830379522139113
0.9578346108393733,0.28729779610164624,0.0000386410113442832
0.9165548575093047,0.39989920410790786,0.000038982134120097766
0.8620930599036659,0.5067491950475902,0.00003932721953061766
0.7952324994708394,0.6063110353538186,0.000039676324514891654
0.7169347793413928,0.6971528121846503,0.00004002950698833891
0.6283259948425178,0.7779680308916841,0.00004038682586215261
0.5306805342110675,0.8475943994675949,0.000040748341063308574
0.4254027510140696,0.9050305433271343,0.00004111411355488831
0.3140067679323811,0.9494504115407474,0.000041484205342414294
0.19809469903311003,0.9802151596144393,0.00004185867947020312
0.07933360764601075,0.9968823304729366,0.0000422376000823872
-0.0405684681740921,0.9992122177813942,0.00004262103244315118
-0.159887081893855,0.9871713181343055,0.0000430090429592722
-0.27690618173456844,0.9609328134127126,0.000043401699203383946
-0.3899427879789364,0.9208740738824908,0.00004379906993779881
-0.49737119687069176,0.8675712318987973,0.00004420122513887844
-0.5976463650594318,0.8017908996255624,0.00004460823602194074
-0.6893261317783126,0.7244791423037569,0.000045020175066808075
-0.7710919545516155,0.636747868154631,0.000045437116043925756
-0.8417678728751249,0.5398588384728324,0.00004585913404108551
-0.9003374259377255,0.43520552243132254,0.000046286305490789184
-0.9459582707912375,0.32429305418611254,0.00004671870819829
-0.9779742907256754,0.20871658550763045,0.0000471564213567171
-0.9959250331838434,0.09013834548708158,0.000047599525531492865
-0.9995523371707643,-0.029736266889560943,0.000048048102744619444
-0.9888040435368403,-0.14918321093170042,0.00004850223650699791
-0.9638347400162754,-0.26648459697014304,0.000048962011848848796
-0.9250035403809245,-0.3799533930319963,0.00004942751535185779
-0.8728689235192547,-0.4879576913546472,0.000049898835182050636
-0.8081806977842917,-0.5889441774178523,0.00005037606112355603
-0.731869214476488,-0.6814604655640509,0.00005085928461311295
-0.645031989906968,-0.7641759887350559,0.00005134859877551097
-0.5489179224047389,-0.8359011395792088,0.000051844098459733565
-0.4449093277344969,-0.89560437570383,0.00005234588027617995
-0.3345020584817775,-0.9424270510531981,0.0000528540426346612
-0.21928399207314686,-0.9756957678389342,0.00005336868578342002
-0.10091219281517588,-0.994932066006774,0.00005388991184788168
0.0189109205826887,-0.9998592989326114,0.000054417824821882
0.1384620573622036,-0.9904066091256198,0.0000549525305994083
0.25602183943233203,-0.9667099508271503,0.0000554941370700716
0.3698995324835626,-0.9291101378022151,0.000056042754165542234
0.4784573594709409,-0.8781479361032531,0.000056598493904475365
0.5801340525085846,-0.814556285646826,0.00005716147043852919
0.6734673093141481,-0.7392497621941597,0.00005773180009964608
0.7571148276434683,-0.6533114247745773,0.0000583096014484337
0.8298736046949637,-0.557977235306885,0.00005889499532380873
0.8906972365435923,-0.4546182836181243,0.00005948810489389227
0.9387109713491046,-0.3447210700913391,0.000060089055708266146
0.9732242928016267,-0.22986612571780024,0.00006069797575141658
0.9937408440498661,-0.1117052803605254,0.0000613149954977169
0.9999655654475003,0.00806209228938154,0.00006194024796774244
0.9918089425086187,0.12771351561240163,0.00006257386878600855
0.9693882943136949,0.24552818467656437,0.0000632159962410103
0.933026079707064,0.35981171174622173,0.00006386677128384585
0.8832452602932708,0.4689204934995365,0.0000645263375389228
0.8207617829497105,0.5712853520947667,0.00006519484146272956
0.7464742823279824,0.6654341044818168,0.00006587243241748471
0.6614511526254524,0.7500127294632082,0.0000665592627381244
0.5669151835086785,0.8238048407453891,0.0000672554878010762
0.4642259759015738,0.8857491854088634,0.00006796126609482698
0.3548603866290399,0.934954906588465,0.00006867675929233725
0.24039128769935522,0.970714348922751,0.000069402132325446
0.12246494691237259,0.9925132369352346,0.00007013755346120294
0.002777350747271888,1.0000380762177012,0.00007088319438023368
-0.11695018824394847,0.9931806599702485,0.00007163923025724596
-0.234995784569261,0.972039619420726,0.0000724058398436893
-0.34966174312462817,0.9369190073243612,0.0000731832055526367
-0.45929897826695676,0.8883239290639785,0.00007397151354594303
-0.562330729914027,0.8269532750450211,0.00007477095382533958
-0.6572752356095327,0.7536896660009181,0.00007558172025114697
-0.7427670418141543,0.6695867615662803,0.00007640401052713593
-0.8175766461599389,0.5758541085602159,0.00007723802644350934
-0.8806281766091469,0.47383974266156287,0.00007808397399570235
-0.9310148594120495,0.36501080077461034,0.00007894206348620303
-0.9680120623855063,0.2509324225658386,0.00007981250962917687
-0.9910877210296445,0.13324524026350784,0.00008069553165790967
-0.9999099852977379,0.013641782699145802,0.00008159135343537716
-0.9943519883260915,-0.10615786431840399,0.00008250020356775181
-0.9744936740818516,-0.2244307957273768,0.00008342231552119042
-0.9406206509239354,-0.33947606833447597,0.00008435792774186137
-0.8932200784102096,-0.4496391609483595,0.00008530728377933224
-0.8329736592810459,-0.5533357661569065,0.000086270632413502
-0.7607478383556482,-0.6490745770695245,0.00008724822778507135
-0.677581342741658,-0.7354787384293779,0.00008824032952977918
-0.5846702391066994,-0.8113056427053069,0.00008924720291637336
-0.4833507324584128,-0.8754647979862296,0.00009026911887028589
-0.37507995106045106,-0.9270335143174933,0.00009130635395687742
-0.26141498962422677,-0.9652701765032818,0.00009235919075218563
-0.14399051481253577,-0.9896249025753943,0.00009342791803045936
-0.024495257622538624,-0.9997474503172203,0.00009451283092202526
0.09535227347321337,-0.9954922582801471,0.00009561423107567384
0.213828509439414,-0.9769205405427596,0.00009673242682582818
0.32922960551965674,-0.9442993994209565,0.00009786773336455816
0.4398959434089412,-0.8980979839987484,0.00009902047291867472
0.5442360014789266,-0.8389807465455669,0.00010019097493203113
0.6407492450472663,-0.7677978861594716,0.00010137957625319222
0.7280477004792617,-0.6855731169074224,0.00010258662132868622
0.804875915287588,-0.5934889463513257,0.00010381246240199365
0.8701290173920952,-0.49286967123368636,0.00010505745971851031
0.9228686050499527,-0.38516233050462534,0.00010632198173659423
0.962336235180927,-0.2719158935847473,0.00010760640534532873
0.9879643310619846,-0.15475898540397592,0.0001089111159360621
0.9993843494250518,-0.035376464056475224,0.0001102365073149531
0.9964320789041601,0.0845148111771417,0.00011158298228836267
0.9791499950318207,0.20319066826568064,0.00011295095298290596
0.9477866507098213,0.31894441746794944,0.00011434084109558538
0.9027931054339905,0.4301113985287246,0.0001157530781516278
0.8448164353557878,0.5350929203315387,0.00011718810577025593
0.7746904232485946,0.6323792472438403,0.00011864637593859131
0.6934235694717507,0.7205713113176915,0.00012012835129409243
0.6021845902865839,0.7984008368670795,0.00012163450541566874
0.5022856072372628,0.8647485769657731,0.00012316532312401548
0.39516327612561697,0.9186604038390397,0.0001247213007911439
0.28235812764231094,0.9593610319084294,0.00012630294665984116
0.16549241212928106,0.9862651717102235,0.00012791078117298935
0.04624676855025601,0.9989859419630585,0.00012954533731349743
-0.07366394331306945,0.9973404285000231,0.0001312071609550866
-0.19251530412041876,0.9813523171700352,0.00013289681103351863
-0.3085981366307961,0.9512515564140711,0.00013461485931889135
-0.4202430835905314,0.9074710445275807,0.00013636189133685515
-0.5258446114548356,0.8506404012899496,0.00013813850693751247
-0.6238841007880879,0.7815769158164377,0.0001399453207015426
-0.712951689062935,0.7012737942558123,0.00014178296235960175
-0.7917665406842775,0.6108858719262324,0.00014365207722506502
-0.8591952629716657,0.5117130051460725,0.00014555332664114442
-0.9142682079490474,0.40518137963159984,0.00014748738844231078
-0.9561934197730823,0.2928229997092233,0.0001494549574311106
-0.9843680163906341,0.1762536552027166,0.0001514567458705177
-0.9983868567684133,0.05714968624693452,0.0001534934839926
-0.9980483703914612,-0.06277612393428654,0.00015556592052409245
-0.9833574573816013,-0.1817991823719724,0.00015767482322943314
-0.9545254104612001,-0.2982078849481604,0.0001598209794719937
-0.9119668752088784,-0.41032822849902284,0.00016200519679414007
-0.8562938900662406,-0.5165478860680033,0.00016422830283375743
-0.7883070842184219,-0.6153393952250555,0.00016649114539671748
-0.7089841584204309,-0.705282118070008,0.0001687945943133372
-0.6194658252899446,-0.7850826691029085,0.00017113954197724528
-0.5210394067478009,-0.8535935181865485,0.0001735269040231115
-0.4151203197269494,-0.9098294931087607,0.00017595762002750465
-0.30323171967868356,-0.9529819390005951,0.00017843265423386087
-0.18698259789880506,-0.9824303463324618,0.00018095299630237275
-0.06804464307390354,-0.9977512779140084,0.0001835196620858573
0.05187180006635604,-0.9987244564089011,0.0001861336944325501
0.17104232422439725,-0.9853359243065096,0.00018879616401692003
0.2877532560672864,-0.9577782448361275,0.000191508170199586
0.4003263017868596,-0.9164477359177702,0.00019427084190277956
0.5071426814819296,-0.8619387676413616,0.00019708533761660901
0.6066664024428967,-0.7950352095386817,0.0001999528458653588
0.6974663466310421,-0.7166991592678787,0.00020287458733358468
0.7782368540473108,-0.6280571088356863,0.0002058518159684601
0.8478164956175331,-0.5303837419339673,0.0002088858200280626
0.9052047679359845,-0.4250836016700034,0.0002119779231673902
0.949576481025208,-0.31367089410437776,0.00021512948556324385
0.9802936282790776,-0.19774771316127301,0.000218341905079978
0.9969145557043027,-0.07898100071919235,0.0002216166184773247
0.9992003065322582,0.040921422691925294,0.00022495510266244684
0.9871180585356409,0.16023541578279038,0.00022835887598758692
0.9608415985038031,0.2772453119248319,0.00023182949959559487
0.920748816715161,0.3902685886622882,0.00023536857841047104
0.8674162685052749,0.4976800582728377,0.00023897776045673784
0.801610884855163,0.5979352380348028,0.00024265873972334617
0.7242789446873723,0.6895925625540669,0.00024641325855552087
0.6365324621497107,0.7713341077357357,0.0002502431092498223
0.5396331944599269,0.8419845371892933,0.000254150135708173
0.4349744992256779,0.9005280043920932,0.0002581362351540005
0.32406129727923955,0.9461227624640709,0.0002622033599132918
0.20848843026384964,0.9781132599513179,0.0002663535192630299
0.08991772840181775,0.9960395628069236,0.0002705887813501675
-0.029945885697947594,0.9996439697048018,0.00027491127518391046
-0.1493789149593216,0.9888747182053325,0.0002793231927046107
-0.26666406850650465,0.963886720175864,0.0002838267907558579
-0.3801149525727149,0.9250393311835734,0.0002884243901497917
-0.48810032063356196,0.8728911847472448,0.00029311837881640124
-0.5890675310223974,0.8081921582580665,0.0002979112162860475
-0.6815648661242544,0.7318725832811377,0.00030280543608712833
-0.7642624035386922,0.6450298669911357,0.0003078036483130703
-0.8359711409068203,0.5489127131871322,0.00031290854229014604
-0.8956600922534754,0.4449031646971263,0.00031812288935078497
-0.9424711031018972,0.3344967278882304,0.00032344954571677257
-0.9757311868167752,0.2192808694000042,0.0003288914554974521
-0.9949622032812088,0.10091218975462207,0.00033445165380797953
-0.9998877311877481,-0.018907398503881567,0.0003401332689145061
-0.990437032770933,-0.13845514038446288,0.00034593952135630787
-0.9667460688514417,-0.2560122077564131,0.0003518737307161241
-0.9291555451798035,-0.3698884151776397,0.00035793932059827334
-0.8782060089890804,-0.47844652196736953,0.00036413982237933556
-0.8146300689856033,-0.5801257670110294,0.0003704788791119319
-0.7393418606463948,-0.6734643079172327,0.0003769602495883507
-0.6534239025555457,-0.7571202417767388,0.0003835878125714744
-0.5581115270022159,-0.8298908956670716,0.00039036557120058417
-0.4547751143388373,-0.8907301099444641,0.00039729765758013115
-0.34490038953307955,-0.9387632779849908,0.00040438833714630804
-0.23006705919907133,-0.973299922735011,0.00041164200746180454
-0.11192609620301455,-0.99384361737086,0.00041906320415042525
0.007823996963708696,-1.0000991134749182,0.0004266566108052175
0.12746160812547103,-0.9919765843254252,0.00043442706465656583
0.2452667700797357,-0.9695929165368466,0.0004423795623558661
0.35954588788067315,-0.933270020855411,0.0004505192660046692
0.4686560835958602,-0.8835301962945404,0.0004588515094410812
0.5710288153985388,-0.8210886195224342,0.00046738180479540843
0.6651924304216036,-0.7468430610816272,0.00047611584932795843
0.7497933163672696,-0.6618609702566103,0.00048505953253716674
0.8236153550027137,-0.5673641239610869,0.0004942189379694055
0.8855974046898815,-0.46471106037906196,0.0005036003438163799
0.9348485561348051,-0.35537754485704753,0.0005132102404253805
0.970660930073307,-0.24093534921859888,0.0005230553400177031
0.9925198459036835,-0.12302965455949966,0.0005331425853616339
1.0001112190644117,-0.003355398850507894,0.0005434791588263621
0.9933260739548045,0.1163670925254005,0.0005540724918350661
0.9722620981959516,0.23441683685658216,0.0005649302747368195
0.9372222309179845,0.349096931973096,0.0005760604671177386
0.8887103054142723,0.4587589506581782,0.0005874713085729316
0.8274238015409662,0.5618266386326466,0.0005991713233605322
0.754243808046001,0.6568185663624404,0.0006111693181641616
0.6702223513310254,0.7423694195171443,0.0006234744105658191
0.5765672696444503,0.8172496246614799,0.0006360960430534025
0.4746248448686769,0.8803830217277204,0.0006490439961677003
0.3658604432743279,0.930862321043064,0.0006623284022751736
0.2518374489135757,0.9679621380956498,0.0006759597599672599
0.13419478813118935,0.9911494181224683,0.0006899489491173845
0.0146233671037332,1.000091091766674,0.0007043072453407252
-0.10515823360257086,0.9946588477048528,0.0007190463175899797
-0.22342846105278827,0.9749309692936534,0.0007341782475777117
-0.33848753671107024,0.9411912051983256,0.0007497155610417921
-0.44868188820394733,0.8939246813144315,0.0007656712465835129
-0.5524279097443269,0.8338109139663215,0.0007820587750248058
-0.6482347195294174,0.7617140361543926,0.0007988921196627223
-0.7347255874773078,0.6786703720074055,0.0008161857774660469
-0.8106577165431887,0.585873532047425,0.0008339547907952584
-0.8749400918984984,0.48465724842590097,0.000852214748750104
-0.9266491543556709,0.3764762011595544,0.0008709817995361662
-0.9650420699908325,0.2628851059494667,0.0008902727012343549
-0.9895673938916262,0.14551636346434565,0.0009101048499428619
-0.999872978915192,0.02605659630757025,0.0009304963070568389
-0.9958110273697837,-0.09377759176185885,0.0009514658278266852
-0.9774402077565018,-0.21226428878269138,0.0009730328912585633
-0.9450247955212009,-0.32770101966762377,0.00099521773141027
-0.8990308587800845,-0.4384292068166435,0.0010180413500616922
-0.8401195507915156,-0.5428580018187956,0.0010415255118085968
-0.7691375994355222,-0.6394871452936426,0.0010656928198680131
-0.6871051238523671,-0.7269285160225224,0.0010905667614401439
-0.5952009627779179,-0.8039260652762206,0.001116171746106567
-0.49474572676776224,-0.8693738577382002,0.0011425331460247893
-0.3871828127777938,-0.9223319559562059,0.0011696773380059913
-0.2740576536058138,-0.9620399079723435,0.0011976317475663142
-0.15699550609301557,-0.9879276560484285,0.0012264248695504282
-0.03767809430245938,-0.9996237152221468,0.0012560862546931112
0.0821805589805372,-0.9969604979454463,0.0012866466201408883
0.20085875941054204,-0.979976698285152,0.0013181379121310216
0.3166518745073615,-0.9489167160697278,0.0013505933597030761
0.4278968225765213,-0.9042271307997545,0.0013840475309081592
0.5329959636679653,-0.8465502691433293,0.001418536391595577
0.6304400399737974,-0.7767149535142813,0.0014540973375176112
0.7188298454891255,-0.6957245774210102,0.001490769175409209
0.7968963171130066,-0.604742676851023,0.0015285922589653622
0.863518753083388,-0.5050761997705366,0.0015676085784924279
0.9177408878711507,-0.3981567151426417,0.0016078618318784658
0.9587846077002108,-0.28551983795534075,0.0016493974986370858
0.9860611102934989,-0.16878316196874238,0.0016922629168917608
0.9991793404730338,-0.04962301564818919,0.0017365072990737599
0.9979515750178678,0.0702496194773194,0.0017821817195046706
0.9823960929132218,0.1891136839713829,0.0018293393103229374
0.9527368901356115,0.30526275953329063,0.001878035367718105
0.9094004347485358,0.4170295735755754,0.0019283274428877621
0.853009508897328,0.5228099312738326,0.0019802754364673532
0.7843742389685875,0.6210857407892282,0.0020339416943976818
0.7044804382451778,0.7104468020243576,0.0020893909822897274
0.6144754236715195,0.7896110381477806,0.0021466904981729384
0.5156515148232765,0.8574428763340792,0.002205910134986615
0.4094274580013284,0.9129695273466966,0.002267122602431331
0.29732803762810434,0.9553949282327476,0.0023304035369745234
0.1809621667777972,0.9841111374193241,0.002395831614886322
0.061999776939020604,0.9987070210631074,0.0024634886588654065
-0.05785216271907881,0.9989741191432449,0.002533459525261766
-0.17687415508064058,0.9849096026879237,0.0026058321736972495
-0.29335885701364905,0.9567162695950763,0.002680697990839596
-0.4056355767999935,0.9147995866938896,0.002758151917305563
-0.5120942423865562,0.8597618295640144,0.002838292565247699
-0.611208496338176,0.7923933989151519,0.002921222336254271
-0.701557576198842,0.7136614318326248,0.0030070475088331446
-0.7818466701311321,0.6246958808520507,0.0030958779665767574
-0.8509254645312959,0.5267732639649507,0.0031878273622792186
-0.9078046144016547,0.4212983142946947,0.00328301346896629
-0.9516698883935549,0.30978379242548704,0.0033815582800063764
-0.9818937960491112,0.1938287579044894,0.0034835880978742796
-0.9980445377846076,0.07509560998774314,0.003589233615304636
-0.9998921440473891,-0.04471377500901305,0.003698629974934268
-0.9874117056534458,-0.16388246165037962,0.0038119161863589624
-0.9607836635046242,-0.2807030781602512,0.003929235228096314
-0.9203911573270727,-0.393502295190791,0.004050734477683005
-0.8668144658393748,-0.5006648081782338,0.004176565708632848
-0.8008226132292182,-0.6006564697487644,0.0043068850602704335
-0.7233622762085746,-0.6920462484924431,0.004441852981507003
-0.6355441508132312,-0.773526703572319,0.004581634144921881
-0.5386269703098537,-0.8439326770458244,0.0047263966178818975
-0.43399940469625153,-0.9022579262668089,0.0048763120118760425
-0.3231601098136896,-0.9476694728178287,0.0050315551330497804
-0.20769620975821154,-0.9795194646084133,0.0051923040883994865
-0.08926052014170557,-0.9973543745604052,0.00535873956849395
0.03045215519930769,-1.0009213982398382,0.005531044581765996
0.1497293143317196,-0.9901719763932662,0.005709403796623511
0.26686528879925453,-0.9652623916792838,0.00589400309995779
0.38018566191939024,-0.9265514245984172,0.006085028767635066
0.4880712167420794,-0.8745951023480976,0.00628266685445411
0.5889810790951908,-0.8101386311964925,0.00648710216937713
0.6814747257321657,-0.734105625893264,0.0066985174912425165
0.7642325355766734,-0.647584786460556,0.006917092229577569
0.8360745856003953,-0.5518142185457784,0.007143001270820477
0.8959774367224554,-0.4481636308752435,0.007376413912325456
0.9430886690053512,-0.33811466224853737,0.007617492051392327
0.9767389495558036,-0.2232396201798082,0.007866388467156685
0.9964514625564965,-0.10517894274714794,0.008123245379905063
1.0019485824371157,0.014382292922561712,0.008388192397464876
0.9931556929708677,0.133738480924945,0.008661344237569063
0.9702020903441811,0.25118786530709847,0.008942798728656743
0.9334189657775375,0.36505683425498725,0.009232634312682118
0.8833345098086957,0.47372378864258546,0.009530907381188945
0.8206662062292297,0.5756422437167346,0.009837649906800215
0.7463104225259152,0.6693628248053515,0.0101528664365436
0.6613294574333043,0.7535538455123714,0.010476531089738256
0.5669362384009865,0.8270201850037381,0.010808585073809013
0.46447688638044277,0.8887201936793031,0.01114893309138742
0.3554113991600322,0.9377803765213875,0.01149744050496057
0.24129273888357175,0.9735076557816162,0.011853930769062396
0.12374462374234432,0.9953990495043978,0.01221818178897789
0.004438340814380257,1.0031486265878422,0.01258992384791675
-0.11493108216974587,0.9966516330989138,0.012968836212982844
-0.23266900401889765,0.9760057484939756,0.013354545816028846
-0.3471052559199884,0.9415094633623646,0.013746624133380665
-0.45661784172210423,0.8936576013904234,0.01414458681067938
-0.5596559065041523,0.8331340489527703,0.014547891397130124
-0.654761654437961,0.7608018138884398,0.01495593800526108
-0.7405909110140845,0.6776905608884295,0.015368068446544094
-0.8159320360700212,0.5849818015257092,0.015783567947391587
-0.8797229125293256,0.48399195425144576,0.016201666938686975
-0.9310657872279083,0.3761535276302852,0.016621542502449276
-0.9692397610140672,0.262994695353331,0.01704232439442543
-0.993710750539716,0.14611755441864693,0.017463096478518344
-1.0041387795072223,0.027175382266131032,0.017882905860525367
-1.000382518935387,-0.09215078344591515,0.0183007661174298
-0.9825010186429383,-0.21017591304495992,0.01871566806033937
-0.9507526059046373,-0.32523476305346566,0.019126586194853704
-0.9055909719102482,-0.43570532312633103,0.01953248912723508
-0.8476585213501256,-0.540031610286677,0.019932350522078895
-0.7777770829798095,-0.6367454939600616,0.02032515784336671
-0.6969361129825697,-0.7244872426838549,0.020709927294659737
-0.6062785646530479,-0.8020245027042325,0.021085710872569434
-0.5070846353831073,-0.8682694596702929,0.02145161348665509
-0.400753619458029,-0.9222939475336048,0.021806799648754198
-0.28878412226745426,-0.9633422906623719,0.022150506294710992
-0.1727529197799367,-0.9908417041535006,0.022482055483364613
-0.05429276060372634,-1.0044101264443182,0.022800858384906968
0.06493058147155988,-1.0038613777733798,0.023106428653438447
0.18324168192845688,-0.9892075692340437,0.02339838590776635
0.29897893839742723,-0.9606587372733895,0.023676459366224124
0.41051782194949227,-0.9186197237450902,0.02394049411239035
0.5162935859973717,-0.8636843446746064,0.024190446974892654
0.6148231121763408,-0.7966269251044303,0.02442638691599999
0.7047255918527426,-0.7183913264906684,0.0246484901542092
0.7847417669824245,-0.6300776266377975,0.02485703082095481
0.8537514637273538,-0.5329266341274563,0.025052373428403652
0.9107891671445925,-0.4283024501822422,0.025234958296655455
0.9550574277536368,-0.3176733268789958,0.025405286774720665
0.9859379238067366,-0.20259108768048695,0.025563904200528172
1.0030000227577156,-0.08466939284835365,0.025711379156644645
1.0060067129544947,0.03443884580832672,0.025848282488835358
0.9949178336491505,0.15306458471031978,0.02597516385759225
0.9698905642926884,0.2695459853063933,0.026092527594530564
0.9312771609505914,0.382251643984611,0.026200807848428754
0.8796199635685485,0.4896033840340235,0.0263003441342082
0.8156437552348269,0.5900982959430368,0.026391357315069433
0.7402455816092224,0.6823297240090164,0.02647392703616986
0.654482167454862,0.7650069038051532,0.026547972214566475
0.5595551039664766,0.8369729663346046,0.026613233450485746
0.4567940228335253,0.8972210685726562,0.026669260606305232
0.3476379907763155,0.9449084292851035,0.026715405247968702
0.23361538215991523,0.9793680694376347,0.026750817765747628
0.11632251455646436,1.0001180860240142,0.026774452151140552
-0.002598651626752324,1.0068683458821477,0.026785077497295567
-0.12148344143912283,0.9995245089089795,0.026781296442027487
-0.23866770127407327,0.9781893204921833,0.026761571889759844
-0.35251101259868767,0.9431611533898374,0.026724260599322626
-0.4614195676215746,0.8949298358359438,0.02666765402333575
-0.5638683925345402,0.8341698243180183,0.026590025324377455
-0.6584226078768656,0.7617308125827836,0.026489680519145718
-0.7437574288927171,0.6786259092889921,0.02636501386406406
-0.8186766421747259,0.5860175571282056,0.02621456426285598
-0.8821293071353804,0.4852013853236162,0.02603707090489897
-0.9332244483386147,0.37758821438833423,0.025831526685628093
-0.9712435346332434,0.2646844612801769,0.025597225388476676
-0.9956505881596284,0.14807121534619855,0.025333804188275175
-1.0060997825603102,0.029382265454835868,0.02504127589877478
-1.0024404163730178,-0.08971862447431786,0.02472004782632891
-0.9847191904134492,-0.20756087833889192,0.024370937046565126
-0.9531797650800334,-0.3224904001246976,0.023995169060491973
-0.9082595934094537,-0.43289268024809047,0.023594358368529897
-0.8505840560823429,-0.5372153947934429,0.02317049337944169
-0.7809579747166927,-0.6339901876836319,0.022725902730425587
-0.7003546166412691,-0.7218533389616782,0.022263202398102713
-0.609902327323887,-0.7995650319418672,0.021785259361159836
-0.5108689587366355,-0.8660269386656352,0.02129513959612132
-0.4046443044892175,-0.9202978714260459,0.020796038703176548
-0.2927207791802098,-0.9616072849474013,0.020291239995192282
-0.17667259773430716,-0.9893664258299246,0.01978406292977659
-0.05813373914731086,-1.003176947655427,0.019277797529727476
0.06122499629706869,-1.0028368659966975,0.01877567086532025
0.17971951955034618,-0.9883437628178596,0.01828081007452938
0.29567624640534507,-0.9598951748637538,0.01779619572301353
0.4074558074508203,-0.9178861360827393,0.017324644432184975
0.5134763361906554,-0.8629039074244984,0.01686878908618038
0.6122360053707524,-0.795719960228382,0.01643105742963474
0.7023344827655391,-0.7172793098617581,0.016013672021869214
0.7824929817536083,-0.6286873374597133,0.015618644314710104
0.8515726206661619,-0.5311942911735544,0.015247774616599208
0.9085908247818549,-0.42617768165345915,0.014902662364576989
0.9527355216878524,-0.3151228149815159,0.01458471135776008
0.9833769062577855,-0.1996017413870671,0.014295141528053482
1.0000766127253815,-0.08125092569198003,0.014035002635533955
1.0025941563230967,0.03825204325377922,0.01380518535580521
0.9908905373021726,0.15721236884642206,0.013606435607431085
0.9651289420260721,0.2739422353822304,0.013439367168768325
0.9256725417936685,0.38678492167869105,0.013304472806748194
0.8730794156359777,0.49413849250185427,0.01320213520418849
0.8080946600252982,0.5944787189895222,0.013132635478343396
0.7316397957237791,0.686380885550812,0.013096159946460184
0.6447996357306258,0.7685401764912463,0.013092804941172282
0.5488067997597619,0.8397903464374596,0.013122579266397566
0.44502409506877905,0.8991203946979602,0.013185404431719843
0.33492502331251156,0.9456889944245676,0.013281112655949112
0.2200727010201779,0.9788364829406478,0.013409442529893238
0.10209749641041105,0.9980942372689926,0.013570032509324334
-0.017326291314724657,1.003191289869214,0.01376241288214265
-0.13650436504600982,0.994058090285294,0.013985995554654174
-0.25374663097931704,0.9708273744332224,0.014240061983321128
-0.36739131857630025,0.933832127998297,0.014523751756006134
-0.4758286631815781,0.8836006692082864,0.014836049368667226
-0.5775238051112275,0.8208489304471753,0.015175769177336807
-0.6710385843948248,0.746470066178121,0.015541545438706403
-0.755051917051121,0.6615215374556475,0.015931821292601685
-0.8283784517181384,0.5672098612734978,0.01634483505408953
-0.889985242008211,0.4648732590218009,0.016778618408994615
-0.9390062130884045,0.355962461850322,0.01723099498086475
-0.9747542162261122,0.24201995178314362,0.017699574023989695
-0.9967304939747175,0.12465794490722379,0.01818176368434846
-1.004631440227908,0.005535440491982083,0.01867478717283953
-0.9983525754547362,-0.11366533426277209,0.01917569025098177
-0.977989687289421,-0.23126274612636344,0.01968137381630393
-0.9438371254633966,-0.34559949778597737,0.020188632227789147
-0.8963832973387603,-0.4550659537687026,0.02069417905367158
-0.8363034459643323,-0.5581227296294675,0.021194699441023736
-0.7644498206179854,-0.6533222273487331,0.021686901910776355
-0.6818393865472603,-0.7393288099922855,0.02216756136333977
-0.5896392668993041,-0.8149373495428606,0.022633586312567275
-0.4891501298840718,-0.8790899021199886,0.02308206575865121
-0.3817877582307977,-0.9308902844637165,0.023510323861386417
-0.269063064510363,-0.969616351234759,0.023915974838414667
-0.15256083737648213,-0.9947298257949382,0.024296957158362754
-0.03391751262466356,-1.0058835625328046,0.024651576920995316
0.08520172470896803,-1.0029261457279592,0.024978529951514786
0.2031261885285603,-0.9859037634666215,0.025276915676169576
0.3182029753654641,-0.9550593515466794,0.025546244205008346
0.4288199703335922,-0.9108290254454243,0.025786424017026452
0.5334282620029798,-0.8538358478042168,0.025997744619368688
0.630563655699608,-0.7848810157408028,0.026180845568687994
0.718867002148228,-0.7049326006862117,0.026336676651384384
0.7971030678307194,-0.6151119924596521,0.026466451523017052
0.8641776848403262,-0.5166782270685177,0.02657159522922838
0.9191529385790834,-0.41101041232517627,0.026653688834526484
0.9612601971770147,-0.29958849610050997,0.026714412749660663
0.9899108017483386,-0.18397263552635443,0.026755491696709932
1.0047042596028593,-0.06578144758748401,0.02677864180226721
1.005433820872523,0.053330555881680494,0.026785523004366926
0.9920893720068228,0.17169603952736942,0.02677769688042663
0.9648575991756088,0.28765810639302125,0.026756591459589744
0.9241194069536236,0.39959342426711314,0.026723473151601562
0.8704446263288378,0.5059348900476699,0.02667942646142379
0.8045840929584791,0.6051935238666343,0.026625341429594444
0.7274591983745919,0.695979287243856,0.026561907246195688
0.6401490516287055,0.7770205254304552,0.026489613644337027
0.543875433671931,0.8471817605064648,0.026408757900795367
0.43998575749946056,0.9054795961079914,0.026319455877692733
0.32993426641938894,0.9510965079061637,0.026221658829783313
0.21526173113877273,0.9833923156445732,0.026115172978151465
0.09757393365459166,1.0019131799009593,0.025999680830961224
-0.021480764004125297,1.0063980069072118,0.025874765367305673
-0.14023445593473954,0.9967821667101723,0.02573993451582725
-0.25702300792961436,0.9731984621491208,0.02559464582479728
-0.3702093271853159,0.9359753430613483,0.025438330940218874
-0.47820626723783916,0.8856323954954788,0.025270418626628505
-0.5794988494007062,0.8228731625874051,0.025090357588829215
-0.6726654833676525,0.7485753894279551,0.02489763617299182
-0.7563978961050358,0.663778834971744,0.02469179959139183
-0.8295194983544556,0.5696708205070953,0.024472467763466076
-0.8910019298785803,0.46756970890382615,0.02423934728098977
-0.9399795418085582,0.3589065402633889,0.02399224053240871
-0.9757616238637046,0.24520508318534096,0.023731057258320257
-0.9978422089112561,0.1280605741108996,0.023455817747392457
-1.0059073106413186,0.009117435175330688,0.023166652874259584
-0.999839480432796,-0.10995371813322433,0.02286381030028079
-0.9797196299373386,-0.2274794615444573,0.022547651234963377
-0.9458260902087064,-0.3418070187601431,0.022218640775897816
-0.8986309087767844,-0.45132746421090014,0.021877342483743924
-0.8387934244991749,-0.554498340915319,0.021524420048807794
-0.7671512168080196,-0.6498653847829972,0.02116062308222742
-0.6847085469468752,-0.7360830535782408,0.02078677141276667
-0.5926224404699928,-0.8119335669848505,0.02040374546262881
-0.49218659885893123,-0.8763441794063248,0.02001248526889801
-0.38481336758881823,-0.9284024526757101,0.01961397226604985
-0.2720140036798162,-0.9673693095943234,0.019209212147766355
-0.15537751175883596,-0.9926896714064353,0.018799225162671285
-0.036548345943964514,-1.0040005171098592,0.018385045235039796
0.08279671175188641,-1.0011362593877164,0.017967702595417884
0.20097217704378578,-0.9841313507630828,0.017548209455238654
0.3163076594992077,-0.9532200661078039,0.017127553115778568
0.4271714879342341,-0.9088334556154912,0.016706696810359346
0.5319938376230823,-0.8515935161430853,0.016286566454467223
0.6292890319275694,-0.7823046503682775,0.015868041288841398
0.7176766928595577,-0.7019425196619133,0.015451950843236672
0.7959014339907664,-0.6116404455304825,0.01503907779324488
0.8628508235823225,-0.5126735530417486,0.014630149955583944
0.9175713560890657,-0.4064408702263262,0.014225835984730395
0.959282188696563,-0.29444562991707346,0.013826745710748198
0.9873864434741442,-0.17827405565604176,0.013433434374368659
1.0014799198147804,-0.05957293027609474,0.013046399291000028
1.0013570819525046,0.05997373951513732,0.012666079405928633
0.9870142182180616,0.1786686282914005,0.012292857781220936
0.9586497277478779,0.2948252235306515,0.011927066255758574
0.9166615326027477,0.4067918446573579,0.01156898537763466
0.8616416400650719,0.5129752064658881,0.011218846249385024
0.794367918590385,0.611863179929649,0.010876833899995218
0.7157932093476029,0.7020464258641752,0.010543091567178996
0.6270319272726791,0.7822385969090375,0.010217722433617316
0.5293443332189665,0.8512948130150203,0.009900792421422845
0.42411869571711,0.9082281306556146,0.009592333527533829
0.31285160210262297,0.952223775816324,0.009292347269623975
0.19712669660115156,0.9826509390834479,0.00900080710375618
0.07859214432289378,0.9990719541374092,0.00871766128059035
-0.04106285382996071,1.0012487127784488,0.008442835643532699
-0.16013215827473756,0.9891462343132522,0.00817623610542474
-0.27691705915960846,0.9629333366339183,0.00791775105887937
-0.3897505665515399,0.9229803883637142,0.007667253835057183
-0.4970212652800891,0.8698541634990508,0.007424604797015588
-0.5971963979266512,0.8043098825878111,0.007189652928877372
-0.6888438475428169,0.7272805500459448,0.006962237905666272
-0.770652698918546,0.6398637312747256,0.0067421919976960515
-0.8414520720002425,0.5433059554476223,0.006529341492450359
-0.9002279683243017,0.43898497439334705,0.006323507577137834
-0.9461378879155321,0.32839012639719944,0.0061245079653463015
-0.9785229968973778,0.21310108177522982,0.005932158261685081
-0.9969176616648783,0.09476527790285919,0.0057462728358880655
-1.0010562263154288,-0.02492563229212083,0.005566665197848128
-0.9908769316453667,-0.14425998490382938,0.005393149201122897
-0.966522908010296,-0.26153061417065665,0.00522553995801345
-0.9283402233282073,-0.37505930827597145,0.0050636543785431655
-0.8768730259409548,-0.4832208673681043,0.004907311091292211
-0.8128558454030763,-0.5844664199190178,0.004756331188549096
-0.7372031521629945,-0.6773456554887676,0.004610538978297798
-0.6509963270158703,-0.7605276494054043,0.0044697622661420905
-0.555468233836477,-0.8328199914583375,0.004333832546047206
-0.4519856103131907,-0.8931859415589812,0.004202584709252243
-0.342029524863825,-0.9407593544289723,0.0040758574182499785
-0.22717418451222424,-0.9748571579110913,0.003953493623389821
-0.10906439780668037,-0.9949892173607338,0.0038353406343586286
0.010607988284018259,-1.00086543874729,0.0037212501482574594
0.13012833708416804,-0.9923999956112736,0.0036110779659816535
0.24778380499136196,-0.9697126233075687,0.0035046839271689807
0.3618879108398235,-0.9331269703589279,0.0034019323175521524
0.4708047401085466,-0.8831660231785446,0.0033026918496953488
0.5729724278524845,-0.8205446595926819,0.003206835597853544
0.6669255842870385,-0.7461594455509224,0.00311424078130691
0.7513163487124485,-0.6610758247282728,0.003024788471665037
0.8249337664681705,-0.5665128780130066,0.0029383638684344518
0.8867211979954422,-0.4638258672383882,0.002854856265181813
0.9357915172623191,-0.35448682063994585,0.002774158941737456
0.9714398877269531,-0.24006343713790623,0.002696169001718696
0.9931539260858927,-0.12219660794060552,0.00262078703346613
1.0006210949968042,-0.002576880805783305,0.0025479172276294637
0.993733230474943,0.11707979304630581,0.0024774673706931586
0.9725881418409968,0.23505668550009695,0.0024093487262951073
0.9374882533254675,0.34966093837862156,0.0023434759031162548
0.8889362976859647,0.45924786824924363,0.0022797665701388544
0.8276281363824219,0.5622445853695789,0.0022181414291646434
0.7544428082848122,0.6571725918146881,0.0021585242412971235
0.6704299425891121,0.7426690302163012,0.0021008417162443126
0.5767947136882823,0.8175062671603631,0.0020450233993462995
0.47488056299577414,0.8806095418569804,0.001991001465146556
0.36614993203562707,0.9310724283593987,0.001938710596287615
0.2521632793149179,0.9681698815456016,0.0018880880229020828
0.1345566853347404,0.9913686702798844,0.0018390734318109805
0.015018369155880479,1.0003350632339703,0.0017916088688275707
-0.10473555040565632,0.9949396552335599,0.0017456385989325983
-0.22298570022095482,0.9752592554084841,0.0017011089483965648
-0.3380341445068362,0.9415758055130564,0.0016579683327022233
-0.4482287741859615,0.8943723580355349,0.001616167191773181
-0.5519870459392335,0.8343261672947052,0.0015756579068503434
-0.647818724088491,0.7622989844825233,0.0015363947159494143
-0.7343472926601972,0.6793246969787391,0.00149833355044301
-0.8103297419566975,0.5865944982022111,0.001461432008562635
-0.8746744444651999,0.48543979542179516,0.0014256493476747553
-0.9264568532780656,0.37731309672801133,0.001390946415356019
-0.9649327954485604,0.26376715616325797,0.0013572855829145226
-0.9895491828687254,0.14643267793480166,0.0013246306816623952
-0.9999519825929705,0.026994895534863096,0.001292946908923736
-0.9959913205186982,-0.0928306362255911,0.001262200729078204
-0.9777236483524379,-0.21132268430834555,0.0012323598941992968
-0.945410953597371,-0.32677906685258307,0.0012033934016631195
-0.8995170176648348,-0.4375411152193512,0.001175271441783093
-0.8407007661810346,-0.5420175096171194,0.001147965347759265
-0.7698068141315946,-0.6387071457818857,0.0011214475466128904
-0.6878533470710937,-0.7262207128585889,0.0010956914764161728
-0.5960175061540248,-0.8033006704703299,0.0010706715423690896
-0.4956184823300903,-0.8688393261165421,0.0010463631208456493
-0.38809856980205865,-0.9218947592092911,0.001022742521125092
-0.2750024505779917,-0.9617043712380693,0.0009997869464178895
-0.15795500328739825,-0.9876958621698686,0.0009774744566390795
-0.03863795711860687,-0.999495462789663,0.0009557839291931462
0.08123427071305975,-0.9969333159070011,0.0009346949930116543
0.19993921102589612,-0.9800459340680697,0.000914188016403212
0.3157710993151027,-0.9490756914147858,0.0008942440976893371
0.4270653893401417,-0.9044673475089227,0.0008748450352155375
0.5322226755291618,-0.8468616658804051,0.0008559732985086378
0.6297316855334241,-0.7770862195695772,0.000837612000726587
0.7181910094862424,-0.6961435089497799,0.0008197448655722581
0.7963292428143736,-0.6051965588679743,0.0008023561812403458
0.8630232643639058,-0.5055522117921456,0.0007854308007237568
0.9173143903360351,-0.3986423541376037,0.0007689541265519964
0.9584221652360654,-0.2860033411742106,0.0007529120884684513
0.9857555816783893,-0.16925391864972272,0.0007372911221076991
0.9989215832357595,-0.05007196122764375,0.0007220781485525362
0.9977307278779863,0.06982964213293767,0.000707260545254916
0.9821999220216958,0.18872760943745487,0.0006928261195923316
0.9525521801861829,0.3049130331867335,0.0006787631095023383
0.9092134286927065,0.41671594365176357,0.0006650601684730102
0.8528063958641485,0.5225293178182668,0.0006517063490253344
0.7841416685592636,0.6208321841198421,0.0006386910869204964
0.7042060433968511,0.710211483996035,0.0006260041855639941
0.6141483501076311,0.7893823880328265,0.0006136357912706944
0.5152629456479744,0.8572067746987108,0.0006015763812316811
0.40897111168087336,0.9127095970759417,0.00058981676105562
0.29680062676443825,0.9550928987337458,0.0005783480523665083
0.18036380932061732,0.9837472918006445,0.0005671616805351222
0.06133434240027438,0.9982607289511658,0.0005562493629388468
-0.05857678588975487,0.9984244322962659,0.0005456030964462415
-0.1776458758089366,0.9842358955328179,0.0005352151380346273
-0.29416129456913576,0.955898928652645,0.0005250780009222524
-0.40644808605257093,0.9138207389008827,0.0005151844496642739
-0.5128920512507201,0.8586060803200382,0.0005055274906126089
-0.6119629518686637,0.7910485619117886,0.0004961003627599318
-0.7022365128100173,0.7121192463893127,0.00048689652896972936
-0.7824149059783,0.6229526971988552,0.00047790967249772786
-0.8513454097925659,0.5248306692264888,0.0004691336729615415
-0.9080369805467947,0.4191636846081903,0.00046056259971614884
-0.9516745070653195,0.3074707591916151,0.0004521907159801238
-0.981630539209982,0.1913575663475847,0.0004440124716339967
-0.9974743091301096,0.07249335325538521,0.00043602249631564087
-0.9989779254298919,-0.04741305482891453,0.0004282155928010158
-0.986119657849213,-0.1666378214117467,0.00042058673065731447
-0.9590842586575746,-0.28346688519292396,0.0004131310401560813
-0.9182603060808301,-0.3962206024220162,0.0004058438064346482
-0.8642346202030646,-0.5032778938329954,0.00039872046389473716
-0.7977838336381292,-0.6030995547588436,0.00039175659082757425
-0.7198632314229316,-0.6942503910707953,0.000384947904255364
-0.6315930159405055,-0.7754198517426323,0.0003782902523288522
-0.5342422043720312,-0.8454408715455927,0.00037177960337049997
-0.4292103880893451,-0.9033066573368433,0.0003654120500423161
-0.3180076115146593,-0.9481851707562772,0.00035918380619015425
-0.20223266141909796,-0.9794310883296532,0.00035309120253519146
-0.08355008248288565,-0.9965950820007693,0.00034713068255748977
0.03633375453284439,-0.9994302877045842,0.0003412987985420634
0.15569518879450012,-0.9878958609628724,0.0003355922077806147
0.2728180503995727,-0.9621575613372603,0.00033000766892182017
0.38601833464489776,-0.9225853726893682,0.00032454203846410146
0.4936684183016853,-0.8697481909731419,0.0003191922673844292
0.5942204658548346,-0.8044056480983846,0.0003139553978974925
0.6862286814678796,-0.7274971879138333,0.0003088285603395984
0.7683700983933625,-0.640128562364236,0.00030380896908780504
0.8394636077850731,-0.5435559373086193,0.000298893915541107
0.898486945217074,-0.43916783152234823,0.0002940807699951037
0.9445913854742837,-0.3284651518176183,0.00028936698018285447
0.9771139493734714,-0.21303961485566425,0.0002847500686321743
0.9955869446065705,-0.0945508612334283,0.0002802276301579915
0.9997446930720043,0.02529740912993693,0.0002757973294493016
0.9895273476882738,0.14478193221499933,0.00027145689874661646
0.9650817575105248,0.26218465779319505,0.00026720413560634055
0.9267593635571556,0.37581745632493424,0.0002630369007483007
0.8751111460115568,0.4840463938875321,0.00025895311598306226
0.8108796999420192,0.585315223385265,0.00025495076221573724
0.7349885620002741,0.6781677638354374,0.00025102787752323764
0.6485289354749698,0.761268845272166,0.00024718255487555336
0.5527439989118241,0.8334235076657157,0.00024341293775083004
0.44901103039840673,0.893594180315369,0.00023971722071725198
0.338821606376936,0.9409156055071459,0.0002360936488735459
0.22376015471888805,0.9747072878742724,0.0002325405161961515
0.1054811708683585,0.9944832780943287,0.00022905616397855138
-0.01431457109354553,0.9999591584256894,0.00022563897932672576
-0.1339044740955445,0.9910561378446766,0.00022228739370852113
-0.2515688909565215,0.9679021916806998,0.00021899988155479877
-0.36561585158696336,0.9308302188040215,0.00021577495891024254
-0.47440539058619124,0.880373254202605,0.00021261118213195722
-0.5763731316599734,0.8172568092579576,0.00020950714663388082
-0.6700527881712551,0.7423884431972276,0.00020646148567531609
-0.7540972453778838,0.656844710143165,0.00020347286903321397
-0.8272979299859686,0.5618556795523795,0.00020054000030523191
-0.8886021939498415,0.4587872514599809,0.00019766161684119188
-0.9371284573811238,0.3491215158185158,0.0001948364896174498
-0.9721788813423575,0.23443543923077798,0.0001920634221890196
-0.9932494024503127,0.11637819004517996,0.00018934124969791573
-1.000036987317089,-0.003352576032543334,0.00018666883791556682
-0.9924439949903051,-0.12303513030923584,0.00018404508231792226
-0.9705795763558938,-0.2409484281823656,0.0001814689071921877
-0.9347581057608787,-0.35539685647863384,0.00017893926477375165
-0.8854946659736519,-0.46473461913512437,0.00017645513441236492
-0.8234976437013322,-0.5673894075431265,0.0001740155217663816
-0.7496585392915872,-0.6618850067943258,0.00017161945802398034
-0.6650391489126498,-0.7468625238117591,0.00016926599909627073
-0.5708562994200376,-0.8210999337798507,0.00016695422397300098
-0.46846435009593934,-0.8835296565405852,0.00016468323437718308
-0.3593357153162395,-0.9332539035089357,0.0001624521548219377
-0.2450396927865497,-0.9695575896601811,0.00016026013194067712
-0.12721989713760745,-0.9919186232456026,0.00015810633384441815
-0.007570622628565289,-1.00001541548658,0.0001559899495002681
0.11218752002847829,-0.9937315001112337,0.0001539101881301684
0.23033234592740098,-0.9731572109952977,0.0001518662786292361
0.34516486451515177,-0.9385883891984123,0.00014985746900301919
0.4550337134294162,-0.8905221284894382,0.00014788302582285738
0.5583589023570344,-0.8296496234574495,0.00014594223369884208
0.6536545351084676,-0.7568462329631979,0.00014403439476965742
0.7395501830561895,-0.6731588959132526,0.0001421588281927738
0.8148105928989878,-0.5797910742235465,0.0001403148691461186
0.8783534459849615,-0.4780854452821404,0.00013850186840376938
0.9292649255647695,-0.36950459582451045,0.00013671919244970018
0.9668128646617302,-0.2556099896806456,0.00013496622304835887
0.9904572734125437,-0.1380395114995172,0.00013324235682036963
0.9998581007984775,-0.018483914054524833,0.0001315470048316024
0.9948801288543717,0.10133749536894161,0.00012987959219506236
0.9755949230961873,0.21970158249053828,0.00012823955768520204
0.9422798002117222,0.33490616587378524,0.00012662635336424026
0.895413838012931,0.4452944930878757,0.00012503944421995462
0.835670989999118,0.5492790678129038,0.00012347830781473938
0.7639103969559223,0.6453644842925682,0.000121942433945399
0.6811640285679259,0.732168930079316,0.00012043132430976969
0.5886218426876956,0.8084440551091031,0.00011894449190120104
0.48761467554342125,0.8730929278667845,0.00011748146060052084
0.37959510367104127,0.9251858158799434,0.00011604176528934068
0.2661165528246635,0.9639735516302645,0.00011462495157550916
0.1488109594842332,0.9888983047273927,0.00011323057550808623
0.029365302617368135,0.9996016090670814,0.0001118582033008461
-0.09050265889097288,0.9959295224852083,0.00011050741106422185
-0.20906908838185895,0.9779348352852089,0.0001091777845450555
-0.3246288603857592,0.9458763109897799,0.00010786891887423617
-0.4355200842369766,0.9002149699507321,0.00010658041832171977
-0.5401480074448,0.8416074617039419,0.00010531189605890761
-0.637007946206511,0.7708966172251719,0.00010406297392786153
-0.7247069235469462,0.6890993292694627,0.00010283328221772767
-0.8019837063910048,0.5973919316518342,0.00010162245939941496
-0.8677269469783607,0.49709328212707105,0.00010043015160667453
-0.92099115970372,0.389645793671631,0.00009925601270074468
-0.9610103187779071,0.27659469249963403,0.00009809970418801539
-0.9872088803845346,0.15956579654765862,0.00009696089502535436
-0.9992100616327481,0.04024213256347265,0.00009583926143093598
-0.9968412532998925,-0.07966026684541166,0.00009473448670056241
-0.9801365039600564,-0.19841704087408998,0.0000936462610292868
-0.9493360358533615,-0.31432030135717354,0.00009257428133804013
-0.9048827901165256,-0.42570319619252805,0.00009151825110527202
-0.8474160523309329,-0.5309638771603509,0.00009047788020330473
-0.7777622612358557,-0.6285885369627601,0.00008945288473932835
-0.6969231271511642,-0.7171731846562923,0.00008844298690090607
-0.6060612245259793,-0.795443837457875,0.0000874479148058021
-0.5064832707347838,-0.8622748373553373,0.00008646740235595519
-0.39962133583704207,-0.9167050416177067,0.00008550118908760966
-0.2870122482335518,-0.9579516514653134,0.00008454901984128665
-0.1702754913059487,-0.9854214683688496,0.0000836106446822466
-0.05108991384471845,-0.9987194204223788,0.00008268581893982052
0.06883041337864843,-0.9976542472856472,0.00008177430307607696
0.1877608507218211,-0.9822412564186288,0.00008087586256157925
0.3039909927114461,-0.9527020998794009,0.00007999026775446888
0.4158492634333496,-0.9094615836305585,0.00007911729378293419
0.521726957404072,-0.8531415617500111,0.0000782567204308611
0.6201013798035894,-0.7845519968534587,0.00007740833202652611
0.7095577429904163,-0.704679308240227,0.00007657191733442157
0.7888095100335987,-0.6146721848428391,0.00007574726944989838
0.8567169001666795,-0.5158250680105537,0.00007493418569667036
0.9123032860813789,-0.4095595361847006,0.00007413246752712217
0.9547692349819277,-0.29740385836730954,0.00007334192042519308
0.9835040031919372,-0.18097101618453648,0.00007256235381194227
0.9980943239814477,-0.0619355074621657,0.00007179358093487813
0.9983303556394866,0.05799073769123016,0.00007103541864061186
0.9842086938870068,0.1770829765731512,0.00007028768739485996
0.9559324198686443,0.29362845667281573,0.00006955021126161928
0.9139081839981349,0.4059510494737899,0.00006882281781777925
0.8587403602056789,0.5124353595241546,0.00006810533807211396
0.7912223492654944,0.6115499529122399,0.00006739760638641979
0.712325168925716,0.701869380343482,0.00006669946039862926
0.6231834922986489,0.7820946813875729,0.00006601074094797896
0.5250793294697278,0.8510720693677413,0.00006533129200213142
0.4194235875539245,0.9078095190224478,0.00006466096058612333
0.307735780841302,0.9514910331900731,0.00006399959671317313
0.19162217848317709,0.9814883835234187,0.00006334705331727571
0.07275270193210126,0.997370147807038,0.00006270318618749183
-0.04716309071058285,0.99890790827166,0.00006206785390394098
-0.16640058989612524,0.9860795376927362,0.00006144091777542655
-0.28324493946433754,0.9590695228641367,0.00006082224174934321
-0.3960157013313175,0.9182663116712269,0.00006021169227489682
-0.5030910195127318,0.8642567215243911,0.00005960913834322548
-0.6029309451541883,0.7978175018637309,0.00005901445144807576
-0.6940995881701529,0.7199041668190677,0.00005842750553024264
-0.7752857689088003,0.631637251895691,0.00005784817692370891
-0.845321869929984,0.5342861962651739,0.00005727634430315571
-0.9032006298298332,0.4292510879248961,0.00005671188863272087
-0.9480896352787924,0.3180425289208913,0.000056154693116115966
-0.9793432917244842,0.20225990842511,0.00005560464314790027
-0.9965121028982754,0.08356840115296607,0.0000550616262659845
-0.9993491380691859,-0.036324979920155126,0.00005452553210530739
-0.987813588915888,-0.15569593554672703,0.00005399625235264589
-0.9620713537467304,-0.2728276794151409,0.000053473680702520014
-0.9224926477912556,-0.3860356259052078,0.000052957712814204094
-0.8696466819910653,-0.49369161829234726,0.00005244824626956514
-0.8042934804364223,-0.594247349110472,0.00005194518049531554
-0.727372946497883,-0.6862566260965409,0.00005144841669944576
-0.6399913437711451,-0.7683961674394385,0.00005095785789467006
-0.5434053885019964,-0.8394846356427975,0.00005047340886343157
-0.4390041766080034,-0.8984996328756374,0.000049994976120614394
-0.32828920357856695,-0.9445924010469797,0.000049522467877040094
-0.21285277076122344,-0.977100025374222,0.00004905579400392154
-0.09435508598496502,-0.9955549722698913,0.000048594865998124125
0.025499615220170545,-0.9996918182296735,0.000048139596948254724
0.14498757962064412,-0.9894510618358894,0.00004768990150156639
0.26239032530200906,-0.9649799777944914,0.000047245695831608295
0.37601935804518,-0.926630503029428,0.00004680689760672402
0.4842404588060172,-0.8749541780314541,0.00004637342595914406
0.5854971837858719,-0.8106942096830457,0.000045945201454969
0.6783332472320204,-0.7347747824650508,0.000045522146064720644
0.7614134691574668,-0.6482877700642891,0.00004510418313302404
0.8335429818313598,-0.5524770324778945,0.00004469123731484812
0.8936844087499235,-0.448720523990077,0.000044283234556318246
0.940972783221019,-0.3385104765858094,0.00004388010210036611
0.9747279932156012,-0.22343193977010367,0.00004348176846046999
0.9944645655498194,-0.10513998280266257,0.00004308816339498501
0.9998986415047112,0.014664108205371867,0.000042699217882131214
0.9909520597156447,0.13425729689343072,0.00004231486409536898
0.9677534853449922,0.2519195789844179,0.00004193503537956499
0.9306365604435181,0.3659587217255208,0.00004155966622750633
0.8801351000616406,0.47473459817555225,0.000041188692257078374
0.8169754164373069,0.5766827750512765,0.00004082205018888173
0.7420658768849383,0.6703370165381216,0.000040459677824375424
0.656483838620557,0.7543503732905971,0.000040101514024567195
0.5614601512449868,0.8275145488330742,0.000039747498689059175
0.4583614564210326,0.8887772782078754,0.000039397572735681285
0.34867053400747655,0.9372574672656159,0.000039051678076618525
0.23396497488462378,0.9722578643521944,0.00003870975757091612
0.11589449212739765,0.9932750824316596,0.00003837175502611389
-0.0038428041772518573,1.0000068410238605,0.00003803761519322595
-0.12352483097903394,0.9923563191499479,0.00003770728374810848
-0.24143030037362168,0.97043354567873,0.000037380707273600666
-0.35586347253182615,0.9345538124506295,0.000037057833241967646
-0.465178544363567,0.885233142580826,0.000036738609997755154
-0.5678033238235134,0.8231808729020266,0.00003642298674103402
-0.6622618402967241,0.7492894491443964,0.00003611091351099724
-0.7471955681026263,0.6646215886296768,0.000035802341169910655
-0.8213829670897819,0.5703949986635258,0.00003549722138743898
-0.883757056439981,0.46796486460374626,0.000035195506625265487
-0.9334207567067353,0.35880435703624547,0.00003489715012209386
-0.9696597879379381,0.2444834447946378,0.00003460210587889969
-0.9919529460382851,0.1266463166039963,0.0000343103286446414
-0.9999796038768988,0.0069877325691335285,0.00003402177389554671
-0.9936243176329365,-0.1127713502846326,0.000033736397804591944
-0.9729784847270329,-0.23090852713459117,0.00003345415724861114
-0.9383390332833007,-0.3457247181551036,0.00003317500979936037
-0.8902041549602338,-0.4555686085611503,0.000032898913710518646
-0.8292661348899096,-0.5588603953417035,0.000032625827904943806
-0.7564013946070164,-0.6541145059223247,0.000032355711962295086
-0.672657890393141,-0.7399609669671747,0.00003208852610687506
-0.5792400421135854,-0.8151651118506525,0.00003182423119567773
-0.4774914079932965,-0.8786453324435394,0.00003156278870680127
-0.3688753621463402,-0.9294886335499728,0.000031304160727999734
-0.25495404936097804,-0.966963768332479,0.00003104830994550987
-0.13736591668798948,-0.9905317584159683,0.000030795199633103206
-0.017802148812338214,-0.9998536393550546,0.00003054479364142704
0.102017653423289,-0.9947953353141906,0.000030297056387434857
0.2203702058891278,-0.9754295922298001,0.000030051952844308715
0.33555332834047524,-0.9420349333627883,0.00002980944853252506
0.4459104222694403,-0.8950916471248934,0.00002956950948768445
0.5498542955750352,-0.8352748810735332,0.00002933210226512112
0.6458899936082154,-0.763444935754776,0.00002909719393833819
0.7326363021002502,-0.6806348900678068,0.000028864752089752093
0.8088456062226363,-0.5880357414420563,0.000028634744801519664
0.873421834766966,-0.4869792773097581,0.00002840714064666419
0.9254362296404544,-0.37891892200895005,0.000028181908680287885
0.9641407026474078,-0.26540883393360154,0.00002795901843106162
0.9889785904219934,-0.14808155009975996,0.000027738439892781836
0.9995926609578848,-0.02862450952884145,0.000027520143516154443
0.9958302562781378,0.09124421629730185,0.000027304100200746546
0.9777454903842755,0.2098006383649274,0.000027090281287093244
0.9455984577585765,0.3253396364035181,0.00002687865854895022
0.899851504712866,0.43619948820327004,0.00002666920418569579
0.8411625767984293,0.5407857680419443,0.000026461890814908915
0.7703757561506076,0.6375942784649946,0.000026256691465105243
0.6885091191772277,0.7252326833628813,0.00002605357956854574
0.5967400983439869,0.8024405348365312,0.000025852528954252346
0.4963885488898573,0.8681073993003782,0.000025653513841161294
0.3888977705094821,0.9212888307248086,0.00002545650882367518
0.2758137244673625,0.9612199536395589,0.000025261488860297167
0.15876282506376985,0.9873264613341903,0.000025068429280330668
0.039428540231165175,0.9992328778511558,0.000024877305777628738
-0.08047282075077608,0.9967679578335271,0.000024688094404404454
-0.19921679187690422,0.979967150136857,0.000024500771565076037
-0.3150955528705877,0.9490720871874792,0.000024315314010244327
-0.4264424906531792,0.9045271113028276,0.000024131698830857243
-0.5316561719724427,0.8469728811274185,0.00002394990345241929
-0.6292233712663295,0.7772371611767427,0.000023769905629282723
-0.7177408377115805,0.6963229159516353,0.00002359168343917468
-0.7959354746687851,0.6053938839029516,0.00002341521527768114
-0.8626826521527341,0.5057578390579938,0.000023240479852944934
-0.9170223830034698,0.39884778755816896,0.00002306745618042912
-0.9581731610269854,0.2862013505389073,0.000022896123577759807
-0.9855430983778617,0.16943864686473328,0.00002272646165965859
-0.9987385602097618,0.05023901006067427,0.000022558450333051082
-0.9975697607581678,-0.0696831842421442,0.00002239206979220053
-0.982053501763234,-0.18860317678929506,0.00002222730051390382
-0.9524129804151563,-0.3048106211022167,0.000022064123252878926
